name,title,level,facing,categories,description,detail,remediation,metadata,cache_key
function_search_path_mutable,Function Search Path Mutable,WARN,EXTERNAL,"[""SECURITY""]",Detects functions where the search_path parameter is not set.,Function \`public.set_updated_at\` has a role mutable search_path,https://supabase.com/docs/guides/database/database-linter?lint=0011_function_search_path_mutable,"{""name"":""set_updated_at"",""type"":""function"",""schema"":""public""}",function_search_path_mutable_public_set_updated_at_9b1889f56258bf9d6554213c05019c76
function_search_path_mutable,Function Search Path Mutable,WARN,EXTERNAL,"[""SECURITY""]",Detects functions where the search_path parameter is not set.,Function \`public.calculate_level_from_xp\` has a role mutable search_path,https://supabase.com/docs/guides/database/database-linter?lint=0011_function_search_path_mutable,"{""name"":""calculate_level_from_xp"",""type"":""function"",""schema"":""public""}",function_search_path_mutable_public_calculate_level_from_xp_1abde8c2d0151a7af068bbf0a2e16a67
function_search_path_mutable,Function Search Path Mutable,WARN,EXTERNAL,"[""SECURITY""]",Detects functions where the search_path parameter is not set.,Function \`public.xp_for_next_level\` has a role mutable search_path,https://supabase.com/docs/guides/database/database-linter?lint=0011_function_search_path_mutable,"{""name"":""xp_for_next_level"",""type"":""function"",""schema"":""public""}",function_search_path_mutable_public_xp_for_next_level_dfb80be46c9986bedff3d2d8678f9018
function_search_path_mutable,Function Search Path Mutable,WARN,EXTERNAL,"[""SECURITY""]",Detects functions where the search_path parameter is not set.,Function \`public.update_gamification_timestamp\` has a role mutable search_path,https://supabase.com/docs/guides/database/database-linter?lint=0011_function_search_path_mutable,"{""name"":""update_gamification_timestamp"",""type"":""function"",""schema"":""public""}",function_search_path_mutable_public_update_gamification_timestamp_1489083fd9d99d4554c8e29b3e9a7ad3
function_search_path_mutable,Function Search Path Mutable,WARN,EXTERNAL,"[""SECURITY""]",Detects functions where the search_path parameter is not set.,Function \`public.create_gamification_profile\` has a role mutable search_path,https://supabase.com/docs/guides/database/database-linter?lint=0011_function_search_path_mutable,"{""name"":""create_gamification_profile"",""type"":""function"",""schema"":""public""}",function_search_path_mutable_public_create_gamification_profile_72d5f785732cfcb6448e4bae7b42ee17
function_search_path_mutable,Function Search Path Mutable,WARN,EXTERNAL,"[""SECURITY""]",Detects functions where the search_path parameter is not set.,Function \`public.get_user_permissions\` has a role mutable search_path,https://supabase.com/docs/guides/database/database-linter?lint=0011_function_search_path_mutable,"{""name"":""get_user_permissions"",""type"":""function"",""schema"":""public""}",function_search_path_mutable_public_get_user_permissions_50cdfddee5539acb4c1ff39f1afb0c24
function_search_path_mutable,Function Search Path Mutable,WARN,EXTERNAL,"[""SECURITY""]",Detects functions where the search_path parameter is not set.,Function \`public.update_external_services_updated_at\` has a role mutable search_path,https://supabase.com/docs/guides/database/database-linter?lint=0011_function_search_path_mutable,"{""name"":""update_external_services_updated_at"",""type"":""function"",""schema"":""public""}",function_search_path_mutable_public_update_external_services_updated_at_7933f81decf127af71628126ef109c81
function_search_path_mutable,Function Search Path Mutable,WARN,EXTERNAL,"[""SECURITY""]",Detects functions where the search_path parameter is not set.,Function \`public.update_support_conversation_timestamp\` has a role mutable search_path,https://supabase.com/docs/guides/database/database-linter?lint=0011_function_search_path_mutable,"{""name"":""update_support_conversation_timestamp"",""type"":""function"",""schema"":""public""}",function_search_path_mutable_public_update_support_conversation_timestamp_ad96b9c619ed6f016ae2a233b5fff21c
function_search_path_mutable,Function Search Path Mutable,WARN,EXTERNAL,"[""SECURITY""]",Detects functions where the search_path parameter is not set.,Function \`public.calculate_weekly_ranks\` has a role mutable search_path,https://supabase.com/docs/guides/database/database-linter?lint=0011_function_search_path_mutable,"{""name"":""calculate_weekly_ranks"",""type"":""function"",""schema"":""public""}",function_search_path_mutable_public_calculate_weekly_ranks_38da5ffbeac19650a656d195c70287c6
function_search_path_mutable,Function Search Path Mutable,WARN,EXTERNAL,"[""SECURITY""]",Detects functions where the search_path parameter is not set.,Function \`public.update_streak_society\` has a role mutable search_path,https://supabase.com/docs/guides/database/database-linter?lint=0011_function_search_path_mutable,"{""name"":""update_streak_society"",""type"":""function"",""schema"":""public""}",function_search_path_mutable_public_update_streak_society_779f17f903f44f22ffc41e585c1b4a44
function_search_path_mutable,Function Search Path Mutable,WARN,EXTERNAL,"[""SECURITY""]",Detects functions where the search_path parameter is not set.,Function \`public.check_quest_completion_from_daily\` has a role mutable search_path,https://supabase.com/docs/guides/database/database-linter?lint=0011_function_search_path_mutable,"{""name"":""check_quest_completion_from_daily"",""type"":""function"",""schema"":""public""}",function_search_path_mutable_public_check_quest_completion_from_daily_26e5daff7df476456f377c5826bbf0b0
function_search_path_mutable,Function Search Path Mutable,WARN,EXTERNAL,"[""SECURITY""]",Detects functions where the search_path parameter is not set.,Function \`public.cleanup_expired_recommendations\` has a role mutable search_path,https://supabase.com/docs/guides/database/database-linter?lint=0011_function_search_path_mutable,"{""name"":""cleanup_expired_recommendations"",""type"":""function"",""schema"":""public""}",function_search_path_mutable_public_cleanup_expired_recommendations_fd2dda102577c72a5597fec63a3f0d27
function_search_path_mutable,Function Search Path Mutable,WARN,EXTERNAL,"[""SECURITY""]",Detects functions where the search_path parameter is not set.,Function \`public.update_listening_session_timestamp\` has a role mutable search_path,https://supabase.com/docs/guides/database/database-linter?lint=0011_function_search_path_mutable,"{""name"":""update_listening_session_timestamp"",""type"":""function"",""schema"":""public""}",function_search_path_mutable_public_update_listening_session_timestamp_06bcf30ac3d0a7f279a54cbf228a7bec
function_search_path_mutable,Function Search Path Mutable,WARN,EXTERNAL,"[""SECURITY""]",Detects functions where the search_path parameter is not set.,Function \`public.update_user_listening_stats_timestamp\` has a role mutable search_path,https://supabase.com/docs/guides/database/database-linter?lint=0011_function_search_path_mutable,"{""name"":""update_user_listening_stats_timestamp"",""type"":""function"",""schema"":""public""}",function_search_path_mutable_public_update_user_listening_stats_timestamp_06bcf30ac3d0a7f279a54cbf228a7bec
function_search_path_mutable,Function Search Path Mutable,WARN,EXTERNAL,"[""SECURITY""]",Detects functions where the search_path parameter is not set.,Function \`public.calculate_lqs\` has a role mutable search_path,https://supabase.com/docs/guides/database/database-linter?lint=0011_function_search_path_mutable,"{""name"":""calculate_lqs"",""type"":""function"",""schema"":""public""}",function_search_path_mutable_public_calculate_lqs_edb67445b7d86561656649c34be5362a
function_search_path_mutable,Function Search Path Mutable,WARN,EXTERNAL,"[""SECURITY""]",Detects functions where the search_path parameter is not set.,Function \`public.add_new_quests_to_progress\` has a role mutable search_path,https://supabase.com/docs/guides/database/database-linter?lint=0011_function_search_path_mutable,"{""name"":""add_new_quests_to_progress"",""type"":""function"",""schema"":""public""}",function_search_path_mutable_public_add_new_quests_to_progress_847d89e1e6c9ac0cb0f98cfa7ebf4249
function_search_path_mutable,Function Search Path Mutable,WARN,EXTERNAL,"[""SECURITY""]",Detects functions where the search_path parameter is not set.,Function \`public.calculate_engagement_score\` has a role mutable search_path,https://supabase.com/docs/guides/database/database-linter?lint=0011_function_search_path_mutable,"{""name"":""calculate_engagement_score"",""type"":""function"",""schema"":""public""}",function_search_path_mutable_public_calculate_engagement_score_b3adbd52e687806cd9543a7635f2c099
function_search_path_mutable,Function Search Path Mutable,WARN,EXTERNAL,"[""SECURITY""]",Detects functions where the search_path parameter is not set.,Function \`public.update_conversation_timestamp\` has a role mutable search_path,https://supabase.com/docs/guides/database/database-linter?lint=0011_function_search_path_mutable,"{""name"":""update_conversation_timestamp"",""type"":""function"",""schema"":""public""}",function_search_path_mutable_public_update_conversation_timestamp_98aa0a4bec61502246f61d3aaa5fc06f
function_search_path_mutable,Function Search Path Mutable,WARN,EXTERNAL,"[""SECURITY""]",Detects functions where the search_path parameter is not set.,Function \`public.update_topics_updated_at\` has a role mutable search_path,https://supabase.com/docs/guides/database/database-linter?lint=0011_function_search_path_mutable,"{""name"":""update_topics_updated_at"",""type"":""function"",""schema"":""public""}",function_search_path_mutable_public_update_topics_updated_at_749d6e72e457701152e365704cde3807
function_search_path_mutable,Function Search Path Mutable,WARN,EXTERNAL,"[""SECURITY""]",Detects functions where the search_path parameter is not set.,Function \`public.update_updated_at_column\` has a role mutable search_path,https://supabase.com/docs/guides/database/database-linter?lint=0011_function_search_path_mutable,"{""name"":""update_updated_at_column"",""type"":""function"",""schema"":""public""}",function_search_path_mutable_public_update_updated_at_column_1489083fd9d99d4554c8e29b3e9a7ad3
extension_in_public,Extension in Public,WARN,EXTERNAL,"[""SECURITY""]",Detects extensions installed in the \`public\` schema.,Extension \`vector\` is installed in the public schema. Move it to another schema.,https://supabase.com/docs/guides/database/database-linter?lint=0014_extension_in_public,"{""name"":""vector"",""type"":""extension"",""schema"":""public""}",extension_in_public_vector
rls_policy_always_true,RLS Policy Always True,WARN,EXTERNAL,"[""SECURITY""]","Detects RLS policies that use overly permissive expressions like \`USING (true)\` or \`WITH CHECK (true)\` for UPDATE, DELETE, or INSERT operations. SELECT policies with \`USING (true)\` are intentionally excluded as this pattern is often used deliberately for public read access.",Table `public.admin_logs` has an RLS policy `admin_logs_insert_policy` for `INSERT` that allows unrestricted access (WITH CHECK clause is always true). This effectively bypasses row-level security for -.,https://supabase.com/docs/guides/database/database-linter?lint=0024_permissive_rls_policy,"{""name"":""admin_logs"",""qual"":null,""type"":""table"",""roles"":[""-""],""schema"":""public"",""command"":""INSERT"",""with_check"":""true"",""policy_name"":""admin_logs_insert_policy"",""permissive_using"":false,""permissive_with_check"":true}",rls_policy_always_true_public_admin_logs_admin_logs_insert_policy
rls_policy_always_true,RLS Policy Always True,WARN,EXTERNAL,"[""SECURITY""]","Detects RLS policies that use overly permissive expressions like \`USING (true)\` or \`WITH CHECK (true)\` for UPDATE, DELETE, or INSERT operations. SELECT policies with \`USING (true)\` are intentionally excluded as this pattern is often used deliberately for public read access.",Table `public.card_transactions` has an RLS policy `card_transactions_admin_all` for `ALL` that allows unrestricted access (both USING and WITH CHECK are always true). This effectively bypasses row-level security for -.,https://supabase.com/docs/guides/database/database-linter?lint=0024_permissive_rls_policy,"{""name"":""card_transactions"",""qual"":""true"",""type"":""table"",""roles"":[""-""],""schema"":""public"",""command"":""ALL"",""with_check"":""true"",""policy_name"":""card_transactions_admin_all"",""permissive_using"":true,""permissive_with_check"":true}",rls_policy_always_true_public_card_transactions_card_transactions_admin_all
rls_policy_always_true,RLS Policy Always True,WARN,EXTERNAL,"[""SECURITY""]","Detects RLS policies that use overly permissive expressions like \`USING (true)\` or \`WITH CHECK (true)\` for UPDATE, DELETE, or INSERT operations. SELECT policies with \`USING (true)\` are intentionally excluded as this pattern is often used deliberately for public read access.",Table `public.login_history` has an RLS policy `insert_login_history_for_authenticated` for `INSERT` that allows unrestricted access (WITH CHECK clause is always true). This effectively bypasses row-level security for authenticated.,https://supabase.com/docs/guides/database/database-linter?lint=0024_permissive_rls_policy,"{""name"":""login_history"",""qual"":null,""type"":""table"",""roles"":[""authenticated""],""schema"":""public"",""command"":""INSERT"",""with_check"":""true"",""policy_name"":""insert_login_history_for_authenticated"",""permissive_using"":false,""permissive_with_check"":true}",rls_policy_always_true_public_login_history_insert_login_history_for_authenticated
rls_policy_always_true,RLS Policy Always True,WARN,EXTERNAL,"[""SECURITY""]","Detects RLS policies that use overly permissive expressions like \`USING (true)\` or \`WITH CHECK (true)\` for UPDATE, DELETE, or INSERT operations. SELECT policies with \`USING (true)\` are intentionally excluded as this pattern is often used deliberately for public read access.",Table `public.notifications` has an RLS policy `System can insert notifications` for `INSERT` that allows unrestricted access (WITH CHECK clause is always true). This effectively bypasses row-level security for -.,https://supabase.com/docs/guides/database/database-linter?lint=0024_permissive_rls_policy,"{""name"":""notifications"",""qual"":null,""type"":""table"",""roles"":[""-""],""schema"":""public"",""command"":""INSERT"",""with_check"":""true"",""policy_name"":""System can insert notifications"",""permissive_using"":false,""permissive_with_check"":true}",rls_policy_always_true_public_notifications_System can insert notifications
rls_policy_always_true,RLS Policy Always True,WARN,EXTERNAL,"[""SECURITY""]","Detects RLS policies that use overly permissive expressions like \`USING (true)\` or \`WITH CHECK (true)\` for UPDATE, DELETE, or INSERT operations. SELECT policies with \`USING (true)\` are intentionally excluded as this pattern is often used deliberately for public read access.",Table `public.payment_providers` has an RLS policy `payment_providers_admin_policy` for `ALL` that allows unrestricted access (both USING and WITH CHECK are always true). This effectively bypasses row-level security for -.,https://supabase.com/docs/guides/database/database-linter?lint=0024_permissive_rls_policy,"{""name"":""payment_providers"",""qual"":""true"",""type"":""table"",""roles"":[""-""],""schema"":""public"",""command"":""ALL"",""with_check"":""true"",""policy_name"":""payment_providers_admin_policy"",""permissive_using"":true,""permissive_with_check"":true}",rls_policy_always_true_public_payment_providers_payment_providers_admin_policy
rls_policy_always_true,RLS Policy Always True,WARN,EXTERNAL,"[""SECURITY""]","Detects RLS policies that use overly permissive expressions like \`USING (true)\` or \`WITH CHECK (true)\` for UPDATE, DELETE, or INSERT operations. SELECT policies with \`USING (true)\` are intentionally excluded as this pattern is often used deliberately for public read access.",Table `public.recommendation_generation_status` has an RLS policy `Service can manage generation status` for `ALL` that allows unrestricted access (both USING and WITH CHECK are always true). This effectively bypasses row-level security for -.,https://supabase.com/docs/guides/database/database-linter?lint=0024_permissive_rls_policy,"{""name"":""recommendation_generation_status"",""qual"":""true"",""type"":""table"",""roles"":[""-""],""schema"":""public"",""command"":""ALL"",""with_check"":null,""policy_name"":""Service can manage generation status"",""permissive_using"":true,""permissive_with_check"":true}",rls_policy_always_true_public_recommendation_generation_status_Service can manage generation status
rls_policy_always_true,RLS Policy Always True,WARN,EXTERNAL,"[""SECURITY""]","Detects RLS policies that use overly permissive expressions like \`USING (true)\` or \`WITH CHECK (true)\` for UPDATE, DELETE, or INSERT operations. SELECT policies with \`USING (true)\` are intentionally excluded as this pattern is often used deliberately for public read access.",Table `public.sector_content` has an RLS policy `sector_content_insert_policy` for `INSERT` that allows unrestricted access (WITH CHECK clause is always true). This effectively bypasses row-level security for -.,https://supabase.com/docs/guides/database/database-linter?lint=0024_permissive_rls_policy,"{""name"":""sector_content"",""qual"":null,""type"":""table"",""roles"":[""-""],""schema"":""public"",""command"":""INSERT"",""with_check"":""true"",""policy_name"":""sector_content_insert_policy"",""permissive_using"":false,""permissive_with_check"":true}",rls_policy_always_true_public_sector_content_sector_content_insert_policy
rls_policy_always_true,RLS Policy Always True,WARN,EXTERNAL,"[""SECURITY""]","Detects RLS policies that use overly permissive expressions like \`USING (true)\` or \`WITH CHECK (true)\` for UPDATE, DELETE, or INSERT operations. SELECT policies with \`USING (true)\` are intentionally excluded as this pattern is often used deliberately for public read access.",Table `public.sector_content` has an RLS policy `sector_content_update_policy` for `UPDATE` that allows unrestricted access (both USING and WITH CHECK are always true). This effectively bypasses row-level security for -.,https://supabase.com/docs/guides/database/database-linter?lint=0024_permissive_rls_policy,"{""name"":""sector_content"",""qual"":""true"",""type"":""table"",""roles"":[""-""],""schema"":""public"",""command"":""UPDATE"",""with_check"":null,""policy_name"":""sector_content_update_policy"",""permissive_using"":true,""permissive_with_check"":true}",rls_policy_always_true_public_sector_content_sector_content_update_policy
rls_policy_always_true,RLS Policy Always True,WARN,EXTERNAL,"[""SECURITY""]","Detects RLS policies that use overly permissive expressions like \`USING (true)\` or \`WITH CHECK (true)\` for UPDATE, DELETE, or INSERT operations. SELECT policies with \`USING (true)\` are intentionally excluded as this pattern is often used deliberately for public read access.",Table `public.sector_quizzes` has an RLS policy `sector_quizzes_admin_all` for `ALL` that allows unrestricted access (both USING and WITH CHECK are always true). This effectively bypasses row-level security for -.,https://supabase.com/docs/guides/database/database-linter?lint=0024_permissive_rls_policy,"{""name"":""sector_quizzes"",""qual"":""true"",""type"":""table"",""roles"":[""-""],""schema"":""public"",""command"":""ALL"",""with_check"":null,""policy_name"":""sector_quizzes_admin_all"",""permissive_using"":true,""permissive_with_check"":true}",rls_policy_always_true_public_sector_quizzes_sector_quizzes_admin_all
rls_policy_always_true,RLS Policy Always True,WARN,EXTERNAL,"[""SECURITY""]","Detects RLS policies that use overly permissive expressions like \`USING (true)\` or \`WITH CHECK (true)\` for UPDATE, DELETE, or INSERT operations. SELECT policies with \`USING (true)\` are intentionally excluded as this pattern is often used deliberately for public read access.",Table `public.sector_vocabulary` has an RLS policy `sector_vocabulary_delete_policy` for `DELETE` that allows unrestricted access (USING clause is always true). This effectively bypasses row-level security for -.,https://supabase.com/docs/guides/database/database-linter?lint=0024_permissive_rls_policy,"{""name"":""sector_vocabulary"",""qual"":""true"",""type"":""table"",""roles"":[""-""],""schema"":""public"",""command"":""DELETE"",""with_check"":null,""policy_name"":""sector_vocabulary_delete_policy"",""permissive_using"":true,""permissive_with_check"":false}",rls_policy_always_true_public_sector_vocabulary_sector_vocabulary_delete_policy
rls_policy_always_true,RLS Policy Always True,WARN,EXTERNAL,"[""SECURITY""]","Detects RLS policies that use overly permissive expressions like \`USING (true)\` or \`WITH CHECK (true)\` for UPDATE, DELETE, or INSERT operations. SELECT policies with \`USING (true)\` are intentionally excluded as this pattern is often used deliberately for public read access.",Table `public.sector_vocabulary` has an RLS policy `sector_vocabulary_insert_policy` for `INSERT` that allows unrestricted access (WITH CHECK clause is always true). This effectively bypasses row-level security for -.,https://supabase.com/docs/guides/database/database-linter?lint=0024_permissive_rls_policy,"{""name"":""sector_vocabulary"",""qual"":null,""type"":""table"",""roles"":[""-""],""schema"":""public"",""command"":""INSERT"",""with_check"":""true"",""policy_name"":""sector_vocabulary_insert_policy"",""permissive_using"":false,""permissive_with_check"":true}",rls_policy_always_true_public_sector_vocabulary_sector_vocabulary_insert_policy
rls_policy_always_true,RLS Policy Always True,WARN,EXTERNAL,"[""SECURITY""]","Detects RLS policies that use overly permissive expressions like \`USING (true)\` or \`WITH CHECK (true)\` for UPDATE, DELETE, or INSERT operations. SELECT policies with \`USING (true)\` are intentionally excluded as this pattern is often used deliberately for public read access.",Table `public.sector_vocabulary` has an RLS policy `sector_vocabulary_update_policy` for `UPDATE` that allows unrestricted access (both USING and WITH CHECK are always true). This effectively bypasses row-level security for -.,https://supabase.com/docs/guides/database/database-linter?lint=0024_permissive_rls_policy,"{""name"":""sector_vocabulary"",""qual"":""true"",""type"":""table"",""roles"":[""-""],""schema"":""public"",""command"":""UPDATE"",""with_check"":null,""policy_name"":""sector_vocabulary_update_policy"",""permissive_using"":true,""permissive_with_check"":true}",rls_policy_always_true_public_sector_vocabulary_sector_vocabulary_update_policy
rls_policy_always_true,RLS Policy Always True,WARN,EXTERNAL,"[""SECURITY""]","Detects RLS policies that use overly permissive expressions like \`USING (true)\` or \`WITH CHECK (true)\` for UPDATE, DELETE, or INSERT operations. SELECT policies with \`USING (true)\` are intentionally excluded as this pattern is often used deliberately for public read access.",Table `public.sectors` has an RLS policy `sectors_insert_policy` for `INSERT` that allows unrestricted access (WITH CHECK clause is always true). This effectively bypasses row-level security for -.,https://supabase.com/docs/guides/database/database-linter?lint=0024_permissive_rls_policy,"{""name"":""sectors"",""qual"":null,""type"":""table"",""roles"":[""-""],""schema"":""public"",""command"":""INSERT"",""with_check"":""true"",""policy_name"":""sectors_insert_policy"",""permissive_using"":false,""permissive_with_check"":true}",rls_policy_always_true_public_sectors_sectors_insert_policy
rls_policy_always_true,RLS Policy Always True,WARN,EXTERNAL,"[""SECURITY""]","Detects RLS policies that use overly permissive expressions like \`USING (true)\` or \`WITH CHECK (true)\` for UPDATE, DELETE, or INSERT operations. SELECT policies with \`USING (true)\` are intentionally excluded as this pattern is often used deliberately for public read access.",Table `public.sectors` has an RLS policy `sectors_update_policy` for `UPDATE` that allows unrestricted access (both USING and WITH CHECK are always true). This effectively bypasses row-level security for -.,https://supabase.com/docs/guides/database/database-linter?lint=0024_permissive_rls_policy,"{""name"":""sectors"",""qual"":""true"",""type"":""table"",""roles"":[""-""],""schema"":""public"",""command"":""UPDATE"",""with_check"":null,""policy_name"":""sectors_update_policy"",""permissive_using"":true,""permissive_with_check"":true}",rls_policy_always_true_public_sectors_sectors_update_policy
rls_policy_always_true,RLS Policy Always True,WARN,EXTERNAL,"[""SECURITY""]","Detects RLS policies that use overly permissive expressions like \`USING (true)\` or \`WITH CHECK (true)\` for UPDATE, DELETE, or INSERT operations. SELECT policies with \`USING (true)\` are intentionally excluded as this pattern is often used deliberately for public read access.",Table `public.user_content_recommendations` has an RLS policy `Service can manage all recommendations` for `ALL` that allows unrestricted access (both USING and WITH CHECK are always true). This effectively bypasses row-level security for -.,https://supabase.com/docs/guides/database/database-linter?lint=0024_permissive_rls_policy,"{""name"":""user_content_recommendations"",""qual"":""true"",""type"":""table"",""roles"":[""-""],""schema"":""public"",""command"":""ALL"",""with_check"":null,""policy_name"":""Service can manage all recommendations"",""permissive_using"":true,""permissive_with_check"":true}",rls_policy_always_true_public_user_content_recommendations_Service can manage all recommendations
vulnerable_postgres_version,Current Postgres version has security patches available,WARN,EXTERNAL,"[""SECURITY""]",Upgrade your postgres database to apply important security patches,"We have detected that the current version of postgres, supabase-postgres-15.8.1.070, has outstanding security patches available. Upgrade your database to receive the latest security patches.",https://supabase.com/docs/guides/platform/upgrading,"{""type"":""compliance"",""entity"":""Config""}",vulnerable_postgres_version